,master_id
74,8423eda8-ae37-11e9-a2fc-000d3a38a36f
1078,df760a84-ab25-11e9-a2fc-000d3a38a36f
1323,1df22bd2-8549-11ea-80af-000d3a38a36f
1574,f2affcfc-f186-11e9-9346-000d3a38a36f
2060,3a2a6c48-526c-11ea-956d-000d3a38a36f
2246,169d1518-9d6e-11e9-9897-000d3a38a36f
2401,1e4fcad2-a57d-11e9-a2fc-000d3a38a36f
3157,25a05fe6-5a84-11eb-9e65-000d3a38a36f
3274,c2984396-d622-11e9-93bc-000d3a38a36f
3879,b43a543e-5b96-11ea-a3e9-000d3a38a36f
3996,715f95a2-9f94-11e9-a2fc-000d3a38a36f
4157,7eed6468-4540-11ea-acaf-000d3a38a36f
4699,a80e3c10-aa7b-11e9-a2fc-000d3a38a36f
5303,74fa83b0-5327-11ea-acd3-000d3a38a36f
5347,0c7849ac-8bf4-11ea-8ec0-000d3a38a36f
5407,307e72f4-7ca4-11ea-80af-000d3a38a36f
5457,78566b7e-174e-11ea-9213-000d3a38a36f
5465,f9561e98-6741-11ea-9d38-000d3a38a36f
5553,f66114fa-a0d5-11e9-a2fc-000d3a38a36f
5775,e31293ac-d63a-11e9-93bc-000d3a38a36f
6045,27df9380-2a82-11eb-b280-000d3a38a36f
6416,f2964aa8-ac69-11e9-a2fc-000d3a38a36f
6484,ec547c8c-bd11-11ea-aa61-000d3a38a36f
6666,53fe00d4-7b7a-11eb-960b-000d3a38a36f
6791,00b3ee24-aa44-11e9-a2fc-000d3a38a36f
7312,90befc98-925a-11eb-b584-000d3a38a36f
7330,a4d534a2-5b1b-11eb-8dbd-000d3a38a36f
7613,73fd19aa-9e37-11e9-9897-000d3a38a36f
8003,dd270486-acf1-11e9-a2fc-000d3a38a36f
8575,e40c9932-a55d-11e9-a2fc-000d3a38a36f
8810,1348781e-134b-11ea-a001-000d3a38a36f
11609,fac5ea30-a7eb-11e9-a2fc-000d3a38a36f
12004,ae8c7a38-5bed-11ea-bbe9-000d3a38a36f
12095,c4624b84-48e2-11eb-806e-000d3a38a36f
12157,492f9cf0-6e04-11ea-84a8-000d3a38a36f
12438,625f40a2-5bd2-11ea-98b0-000d3a38a36f
12451,156e5a8a-1b09-11ea-a050-000d3a38a36f
12885,28059d2a-97eb-11ea-9d91-000d3a38a36f
13036,a15599ae-b3b7-11ea-8745-000d3a38a36f
13321,75cf3d32-3d27-11ea-9e19-000d3a38a36f
13556,9c0e0a46-fe52-11e9-a5e8-000d3a38a36f
13683,3339434a-b173-11e9-89fa-000d3a38a36f
13763,14f8f5a0-ff21-11e9-a5e8-000d3a38a36f
13842,d9bdafb2-b001-11e9-9757-000d3a38a36f
14059,8569918e-ab23-11e9-a2fc-000d3a38a36f
16018,e101681a-6648-11ea-82da-000d3a38a36f
16133,483e2ab4-3033-11ea-bb28-000d3a38a36f
16169,24d4efb2-a9c5-11e9-a2fc-000d3a38a36f
16886,18c523d4-1a79-11ea-941b-000d3a38a36f
17024,26c66b9e-8bc3-11ea-8ec0-000d3a38a36f
17268,8aa34b16-abb6-11e9-a2fc-000d3a38a36f
17270,4e2b2704-a8d1-11e9-a2fc-000d3a38a36f
17430,1458cb58-aefd-11e9-a2fc-000d3a38a36f
17653,07b6055a-114f-11ea-8872-000d3a38a36f
17919,8133d6f2-ee07-11e9-9346-000d3a38a36f
18522,529964d6-97ff-11ea-9d91-000d3a38a36f
18874,e9c13f58-b2a6-11e9-8f1b-000d3a38a36f
19221,f48e6a1c-ff1f-11e9-a5e8-000d3a38a36f
19224,45f82aaa-6b63-11ea-9c62-000d3a38a36f
19388,b3b9fd72-851f-11ea-80af-000d3a38a36f
19396,67a4d436-2352-11ea-8523-000d3a38a36f
19505,bee55d6e-f27a-11e9-9346-000d3a38a36f
19856,07bcae98-a81b-11e9-a2fc-000d3a38a36f
